NUTS2;YEAR;SEX;RANKING_REF_YEAR;GIVEN_NAME;NUMBER
AT31;2004;1;1;Lukas;230
AT31;2004;1;2;Tobias;227
AT31;2004;1;3;Florian;206
AT31;2004;1;4;Simon;194
AT31;2004;1;5;David;163
AT31;2004;1;6;Michael;160
AT31;2004;1;7;Jonas;157
AT31;2004;1;8;Julian;155
AT31;2004;1;9;Jakob;153
AT31;2004;1;10;Fabian;143
AT31;2004;1;11;Alexander;136
AT31;2004;1;12;Philipp;124
AT31;2004;1;13;Felix;123
AT31;2004;1;13;Sebastian;123
AT31;2004;1;15;Paul;115
AT31;2004;1;16;Daniel;114
AT31;2004;1;17;Niklas;107
AT31;2004;1;18;Maximilian;105
AT31;2004;1;19;Manuel;101
AT31;2004;1;20;Marcel;100
AT31;2004;1;21;Elias;97
AT31;2004;1;21;Moritz;97
AT31;2004;1;23;Matthias;90
AT31;2004;1;24;Dominik;87
AT31;2004;1;25;Stefan;85
AT31;2004;1;26;Thomas;83
AT31;2004;1;27;Nico;73
AT31;2004;1;28;Jan;68
AT31;2004;1;29;Andreas;65
AT31;2004;1;29;Markus;65
AT31;2004;1;31;Raphael;63
AT31;2004;1;31;Samuel;63
AT31;2004;1;33;Johannes;60
AT31;2004;1;34;Martin;58
AT31;2004;1;35;Christoph;56
AT31;2004;1;35;Marco;56
AT31;2004;1;37;Kevin;55
AT31;2004;1;37;Leon;55
AT31;2004;1;39;Patrick;54
AT31;2004;1;40;Gabriel;51
AT31;2004;1;41;Benjamin;49
AT31;2004;1;42;Lorenz;47
AT31;2004;1;43;Christian;42
AT31;2004;1;44;Erik;40
AT31;2004;1;45;Valentin;38
AT31;2004;1;46;Luca;37
AT31;2004;1;47;Noah;36
AT31;2004;1;48;Kilian;35
AT31;2004;1;49;Pascal;34
AT31;2004;1;49;Rene;34
AT31;2004;1;51;Clemens;30
AT31;2004;1;51;Oliver;30
AT31;2004;1;53;Marvin;29
AT31;2004;1;54;Benedikt;27
AT31;2004;1;55;Georg;25
AT31;2004;1;55;Mario;25
AT31;2004;1;55;Yannick;25
AT31;2004;1;58;Tim;24
AT31;2004;1;58;Timo;24
AT31;2004;1;60;Adrian;23
AT31;2004;2;1;Leonie;183
AT31;2004;2;2;Anna;181
AT31;2004;2;3;Julia;180
AT31;2004;2;4;Sarah;173
AT31;2004;2;5;Lena;151
AT31;2004;2;6;Hannah;134
AT31;2004;2;7;Lisa;129
AT31;2004;2;8;Laura;128
AT31;2004;2;9;Lea;118
AT31;2004;2;10;Sophie;115
AT31;2004;2;11;Katharina;106
AT31;2004;2;11;Magdalena;106
AT31;2004;2;13;Jana;103
AT31;2004;2;14;Viktoria;101
AT31;2004;2;15;Lara;95
AT31;2004;2;16;Vanessa;89
AT31;2004;2;17;Elena;88
AT31;2004;2;18;Marlene;75
AT31;2004;2;19;Nina;72
AT31;2004;2;20;Selina;70
AT31;2004;2;21;Jasmin;69
AT31;2004;2;21;Johanna;69
AT31;2004;2;23;Christina;61
AT31;2004;2;24;Verena;55
AT31;2004;2;25;Eva;54
AT31;2004;2;25;Theresa;54
AT31;2004;2;27;Alina;51
AT31;2004;2;27;Nadine;51
AT31;2004;2;29;Elisa;50
AT31;2004;2;30;Emma;49
AT31;2004;2;30;Melanie;49
AT31;2004;2;32;Marie;45
AT31;2004;2;32;Stefanie;45
AT31;2004;2;34;Elisabeth;39
AT31;2004;2;35;Helene;38
AT31;2004;2;35;Sophia;38
AT31;2004;2;35;Valentina;38
AT31;2004;2;38;Anja;37
AT31;2004;2;38;Maria;37
AT31;2004;2;40;Michelle;36
AT31;2004;2;41;Celina;35
AT31;2004;2;42;Franziska;34
AT31;2004;2;42;Miriam;34
AT31;2004;2;44;Katrin;32
AT31;2004;2;44;Larissa;32
AT31;2004;2;44;Nicole;32
AT31;2004;2;47;Alexandra;31
AT31;2004;2;47;Helena;31
AT31;2004;2;49;Natalie;30
AT31;2004;2;50;Clara;29
AT31;2004;2;51;Carina;28
AT31;2004;2;52;Antonia;27
AT31;2004;2;52;Pia;27
AT31;2004;2;54;Emily;26
AT31;2004;2;54;Jennifer;26
AT31;2004;2;54;Tamara;26
AT31;2004;2;57;Angelina;25
AT31;2004;2;57;Simone;25
AT31;2004;2;59;Anna-Lena;23
AT31;2004;2;59;Isabella;23
AT31;2005;1;1;Lukas;256
AT31;2005;1;2;Tobias;211
AT31;2005;1;3;Simon;174
AT31;2005;1;4;Florian;167
AT31;2005;1;5;David;161
AT31;2005;1;6;Alexander;154
AT31;2005;1;7;Michael;149
AT31;2005;1;8;Fabian;144
AT31;2005;1;8;Paul;144
AT31;2005;1;10;Sebastian;134
AT31;2005;1;11;Julian;133
AT31;2005;1;12;Jakob;132
AT31;2005;1;12;Jonas;132
AT31;2005;1;14;Felix;126
AT31;2005;1;15;Elias;119
AT31;2005;1;16;Daniel;112
AT31;2005;1;17;Moritz;102
AT31;2005;1;18;Maximilian;100
AT31;2005;1;19;Philipp;89
AT31;2005;1;19;Raphael;89
AT31;2005;1;21;Niklas;88
AT31;2005;1;22;Manuel;83
AT31;2005;1;22;Marcel;83
AT31;2005;1;22;Nico;83
AT31;2005;1;25;Dominik;81
AT31;2005;1;26;Leon;76
AT31;2005;1;27;Matthias;75
AT31;2005;1;28;Thomas;74
AT31;2005;1;29;Stefan;73
AT31;2005;1;30;Samuel;58
AT31;2005;1;31;Andreas;57
AT31;2005;1;32;Benjamin;54
AT31;2005;1;32;Jan;54
AT31;2005;1;34;Martin;53
AT31;2005;1;35;Christoph;52
AT31;2005;1;36;Johannes;50
AT31;2005;1;37;Lorenz;48
AT31;2005;1;37;Marco;48
AT31;2005;1;39;Luca;47
AT31;2005;1;40;Kevin;42
AT31;2005;1;40;Markus;42
AT31;2005;1;42;Noah;37
AT31;2005;1;43;Benedikt;36
AT31;2005;1;43;Christian;36
AT31;2005;1;43;Clemens;36
AT31;2005;1;46;Kilian;35
AT31;2005;1;46;Patrick;35
AT31;2005;1;48;Gabriel;33
AT31;2005;1;48;Pascal;33
AT31;2005;1;50;Oliver;32
AT31;2005;1;51;Tim;31
AT31;2005;1;52;Valentin;28
AT31;2005;1;53;Erik;27
AT31;2005;1;53;Jonathan;27
AT31;2005;1;53;Timo;27
AT31;2005;1;56;Rene;26
AT31;2005;1;57;Adrian;23
AT31;2005;1;57;Mario;23
AT31;2005;1;57;Peter;23
AT31;2005;1;60;Gregor;22
AT31;2005;2;1;Leonie;195
AT31;2005;2;2;Lena;192
AT31;2005;2;3;Anna;168
AT31;2005;2;4;Sarah;166
AT31;2005;2;5;Julia;147
AT31;2005;2;6;Hannah;137
AT31;2005;2;7;Laura;122
AT31;2005;2;8;Lisa;113
AT31;2005;2;8;Sophie;113
AT31;2005;2;10;Lea;103
AT31;2005;2;11;Lara;98
AT31;2005;2;12;Viktoria;96
AT31;2005;2;13;Jana;95
AT31;2005;2;14;Katharina;94
AT31;2005;2;15;Marlene;81
AT31;2005;2;16;Magdalena;76
AT31;2005;2;17;Elena;75
AT31;2005;2;18;Selina;73
AT31;2005;2;19;Johanna;72
AT31;2005;2;20;Theresa;68
AT31;2005;2;21;Eva;66
AT31;2005;2;22;Nina;64
AT31;2005;2;23;Emma;61
AT31;2005;2;24;Emily;57
AT31;2005;2;25;Miriam;53
AT31;2005;2;26;Alina;51
AT31;2005;2;27;Marie;49
AT31;2005;2;28;Vanessa;47
AT31;2005;2;29;Amelie;45
AT31;2005;2;29;Stefanie;45
AT31;2005;2;29;Verena;45
AT31;2005;2;32;Elisa;44
AT31;2005;2;33;Anja;43
AT31;2005;2;33;Clara;43
AT31;2005;2;35;Jasmin;42
AT31;2005;2;36;Michelle;41
AT31;2005;2;37;Christina;40
AT31;2005;2;37;Sophia;40
AT31;2005;2;39;Melanie;39
AT31;2005;2;40;Carina;38
AT31;2005;2;41;Valentina;34
AT31;2005;2;42;Elisabeth;33
AT31;2005;2;43;Angelina;32
AT31;2005;2;44;Helena;31
AT31;2005;2;45;Chiara;30
AT31;2005;2;45;Emely;30
AT31;2005;2;47;Franziska;29
AT31;2005;2;47;Nadine;29
AT31;2005;2;47;Pia;29
AT31;2005;2;47;Tamara;29
AT31;2005;2;51;Katrin;28
AT31;2005;2;52;Annika;27
AT31;2005;2;52;Sandra;27
AT31;2005;2;54;Celina;26
AT31;2005;2;55;Anna-Lena;25
AT31;2005;2;55;Nicole;25
AT31;2005;2;57;Alexandra;24
AT31;2005;2;58;Antonia;23
AT31;2005;2;58;Helene;23
AT31;2005;2;58;Isabella;23
AT31;2006;1;1;Lukas;201
AT31;2006;1;2;David;194
AT31;2006;1;2;Tobias;194
AT31;2006;1;4;Simon;165
AT31;2006;1;5;Jonas;152
AT31;2006;1;6;Fabian;144
AT31;2006;1;7;Jakob;139
AT31;2006;1;8;Alexander;138
AT31;2006;1;9;Julian;136
AT31;2006;1;10;Felix;135
AT31;2006;1;11;Florian;132
AT31;2006;1;12;Michael;131
AT31;2006;1;13;Sebastian;128
AT31;2006;1;14;Paul;126
AT31;2006;1;15;Daniel;111
AT31;2006;1;15;Maximilian;111
AT31;2006;1;17;Philipp;102
AT31;2006;1;18;Elias;101
AT31;2006;1;19;Niklas;97
AT31;2006;1;20;Leon;94
AT31;2006;1;21;Moritz;91
AT31;2006;1;22;Matthias;86
AT31;2006;1;23;Marcel;77
AT31;2006;1;23;Nico;77
AT31;2006;1;25;Manuel;76
AT31;2006;1;26;Stefan;73
AT31;2006;1;27;Raphael;69
AT31;2006;1;27;Samuel;69
AT31;2006;1;29;Johannes;66
AT31;2006;1;30;Thomas;65
AT31;2006;1;31;Dominik;61
AT31;2006;1;31;Jan;61
AT31;2006;1;33;Noah;57
AT31;2006;1;34;Luca;54
AT31;2006;1;35;Valentin;52
AT31;2006;1;36;Christoph;49
AT31;2006;1;37;Clemens;48
AT31;2006;1;38;Andreas;46
AT31;2006;1;39;Kevin;43
AT31;2006;1;40;Benjamin;42
AT31;2006;1;40;Marco;42
AT31;2006;1;40;Patrick;42
AT31;2006;1;43;Lorenz;39
AT31;2006;1;43;Martin;39
AT31;2006;1;45;Markus;36
AT31;2006;1;46;Kilian;32
AT31;2006;1;47;Christian;30
AT31;2006;1;47;Gabriel;30
AT31;2006;1;47;Pascal;30
AT31;2006;1;50;Marvin;28
AT31;2006;1;50;Oliver;28
AT31;2006;1;52;Laurenz;27
AT31;2006;1;52;Leo;27
AT31;2006;1;54;Rene;26
AT31;2006;1;55;Erik;25
AT31;2006;1;55;Tim;25
AT31;2006;1;57;Adrian;24
AT31;2006;1;57;Yannick;24
AT31;2006;1;59;Nicolas;23
AT31;2006;1;59;Timo;23
AT31;2006;2;1;Sarah;187
AT31;2006;2;2;Leonie;185
AT31;2006;2;3;Anna;183
AT31;2006;2;4;Lena;166
AT31;2006;2;5;Hannah;143
AT31;2006;2;6;Julia;135
AT31;2006;2;7;Lisa;110
AT31;2006;2;8;Katharina;106
AT31;2006;2;8;Laura;106
AT31;2006;2;8;Sophie;106
AT31;2006;2;11;Lara;98
AT31;2006;2;12;Jana;97
AT31;2006;2;13;Lea;80
AT31;2006;2;13;Viktoria;80
AT31;2006;2;15;Marlene;76
AT31;2006;2;16;Selina;73
AT31;2006;2;17;Elena;71
AT31;2006;2;17;Magdalena;71
AT31;2006;2;19;Emma;70
AT31;2006;2;19;Johanna;70
AT31;2006;2;21;Sophia;65
AT31;2006;2;22;Vanessa;61
AT31;2006;2;23;Clara;56
AT31;2006;2;24;Nina;54
AT31;2006;2;24;Theresa;54
AT31;2006;2;26;Jasmin;50
AT31;2006;2;27;Christina;49
AT31;2006;2;28;Alina;47
AT31;2006;2;28;Eva;47
AT31;2006;2;28;Marie;47
AT31;2006;2;31;Elisa;46
AT31;2006;2;32;Anja;43
AT31;2006;2;33;Nadine;42
AT31;2006;2;34;Miriam;41
AT31;2006;2;35;Emily;40
AT31;2006;2;35;Franziska;40
AT31;2006;2;37;Helena;39
AT31;2006;2;38;Carina;38
AT31;2006;2;39;Valentina;37
AT31;2006;2;40;Angelina;35
AT31;2006;2;41;Emely;34
AT31;2006;2;42;Emilia;33
AT31;2006;2;42;Verena;33
AT31;2006;2;44;Amelie;32
AT31;2006;2;44;Annika;32
AT31;2006;2;44;Simone;32
AT31;2006;2;47;Pia;31
AT31;2006;2;48;Alexandra;30
AT31;2006;2;48;Elisabeth;30
AT31;2006;2;48;Katrin;30
AT31;2006;2;48;Melanie;30
AT31;2006;2;48;Stefanie;30
AT31;2006;2;53;Chiara;25
AT31;2006;2;53;Helene;25
AT31;2006;2;53;Natalie;25
AT31;2006;2;56;Anika;24
AT31;2006;2;56;Paula;24
AT31;2006;2;58;Isabella;23
AT31;2006;2;58;Linda;23
AT31;2006;2;58;Luisa;23
AT31;2007;1;1;Lukas;215
AT31;2007;1;2;Tobias;184
AT31;2007;1;3;David;175
AT31;2007;1;4;Simon;158
AT31;2007;1;5;Florian;156
AT31;2007;1;6;Jonas;149
AT31;2007;1;7;Felix;144
AT31;2007;1;7;Julian;144
AT31;2007;1;9;Alexander;136
AT31;2007;1;10;Fabian;130
AT31;2007;1;10;Paul;130
AT31;2007;1;12;Michael;127
AT31;2007;1;13;Sebastian;123
AT31;2007;1;14;Elias;122
AT31;2007;1;15;Maximilian;114
AT31;2007;1;16;Jakob;112
AT31;2007;1;17;Daniel;103
AT31;2007;1;18;Leon;96
AT31;2007;1;19;Niklas;95
AT31;2007;1;20;Philipp;94
AT31;2007;1;21;Matthias;90
AT31;2007;1;22;Dominik;84
AT31;2007;1;23;Nico;79
AT31;2007;1;24;Moritz;77
AT31;2007;1;25;Raphael;74
AT31;2007;1;26;Luca;71
AT31;2007;1;27;Manuel;69
AT31;2007;1;28;Marcel;63
AT31;2007;1;29;Andreas;59
AT31;2007;1;29;Stefan;59
AT31;2007;1;31;Noah;58
AT31;2007;1;32;Thomas;57
AT31;2007;1;33;Samuel;51
AT31;2007;1;34;Johannes;45
AT31;2007;1;34;Lorenz;45
AT31;2007;1;36;Christoph;44
AT31;2007;1;36;Marco;44
AT31;2007;1;38;Jan;42
AT31;2007;1;39;Martin;40
AT31;2007;1;40;Valentin;39
AT31;2007;1;41;Markus;38
AT31;2007;1;41;Timo;38
AT31;2007;1;43;Erik;37
AT31;2007;1;44;Kevin;35
AT31;2007;1;44;Yannick;35
AT31;2007;1;46;Clemens;34
AT31;2007;1;47;Tim;33
AT31;2007;1;48;Gabriel;32
AT31;2007;1;48;Kilian;32
AT31;2007;1;50;Patrick;31
AT31;2007;1;51;Benjamin;30
AT31;2007;1;52;Laurenz;29
AT31;2007;1;53;Adrian;28
AT31;2007;1;53;Christian;28
AT31;2007;1;55;Pascal;27
AT31;2007;1;56;Leonhard;26
AT31;2007;1;57;Fabio;24
AT31;2007;1;58;Bastian;23
AT31;2007;1;58;Jonathan;23
AT31;2007;1;58;Mario;23
AT31;2007;2;1;Lena;181
AT31;2007;2;2;Leonie;172
AT31;2007;2;3;Hannah;160
AT31;2007;2;4;Anna;157
AT31;2007;2;5;Sarah;154
AT31;2007;2;6;Julia;133
AT31;2007;2;7;Laura;126
AT31;2007;2;8;Sophie;100
AT31;2007;2;9;Katharina;95
AT31;2007;2;10;Magdalena;93
AT31;2007;2;11;Jana;92
AT31;2007;2;12;Lisa;88
AT31;2007;2;13;Lara;85
AT31;2007;2;14;Emma;76
AT31;2007;2;15;Viktoria;73
AT31;2007;2;16;Lea;72
AT31;2007;2;17;Sophia;70
AT31;2007;2;18;Nina;66
AT31;2007;2;19;Johanna;65
AT31;2007;2;20;Marlene;64
AT31;2007;2;21;Elena;60
AT31;2007;2;22;Vanessa;57
AT31;2007;2;23;Clara;56
AT31;2007;2;23;Selina;56
AT31;2007;2;25;Alina;54
AT31;2007;2;26;Eva;51
AT31;2007;2;27;Christina;48
AT31;2007;2;27;Miriam;48
AT31;2007;2;29;Theresa;47
AT31;2007;2;30;Anja;46
AT31;2007;2;31;Melanie;45
AT31;2007;2;32;Emily;43
AT31;2007;2;32;Nadine;43
AT31;2007;2;34;Marie;42
AT31;2007;2;35;Valentina;38
AT31;2007;2;36;Linda;35
AT31;2007;2;37;Pia;33
AT31;2007;2;38;Amelie;32
AT31;2007;2;38;Annika;32
AT31;2007;2;38;Elisabeth;32
AT31;2007;2;41;Jasmin;31
AT31;2007;2;42;Emely;30
AT31;2007;2;42;Franziska;30
AT31;2007;2;42;Helene;30
AT31;2007;2;42;Verena;30
AT31;2007;2;46;Elisa;29
AT31;2007;2;46;Nicole;29
AT31;2007;2;48;Carina;28
AT31;2007;2;48;Helena;28
AT31;2007;2;48;Isabella;28
AT31;2007;2;48;Paula;28
AT31;2007;2;48;Stefanie;28
AT31;2007;2;53;Chiara;27
AT31;2007;2;53;Katrin;27
AT31;2007;2;55;Lilly;26
AT31;2007;2;55;Nora;26
AT31;2007;2;57;Anika;25
AT31;2007;2;57;Isabel;25
AT31;2007;2;57;Larissa;25
AT31;2007;2;57;Natalie;25
AT31;2008;1;1;Tobias;188
AT31;2008;1;2;Lukas;187
AT31;2008;1;3;Julian;160
AT31;2008;1;4;Alexander;157
AT31;2008;1;4;Jonas;157
AT31;2008;1;6;Simon;153
AT31;2008;1;7;Florian;150
AT31;2008;1;8;David;149
AT31;2008;1;8;Felix;149
AT31;2008;1;10;Fabian;146
AT31;2008;1;11;Paul;131
AT31;2008;1;12;Sebastian;125
AT31;2008;1;13;Jakob;123
AT31;2008;1;14;Michael;121
AT31;2008;1;15;Maximilian;113
AT31;2008;1;16;Leon;110
AT31;2008;1;17;Moritz;104
AT31;2008;1;18;Daniel;102
AT31;2008;1;18;Luca;102
AT31;2008;1;20;Elias;99
AT31;2008;1;20;Raphael;99
AT31;2008;1;22;Philipp;91
AT31;2008;1;23;Niklas;90
AT31;2008;1;24;Dominik;82
AT31;2008;1;25;Nico;77
AT31;2008;1;26;Matthias;75
AT31;2008;1;27;Lorenz;63
AT31;2008;1;27;Marcel;63
AT31;2008;1;29;Manuel;62
AT31;2008;1;30;Noah;60
AT31;2008;1;31;Samuel;59
AT31;2008;1;32;Stefan;56
AT31;2008;1;33;Andreas;55
AT31;2008;1;33;Jan;55
AT31;2008;1;33;Thomas;55
AT31;2008;1;36;Johannes;52
AT31;2008;1;37;Christoph;47
AT31;2008;1;38;Valentin;45
AT31;2008;1;39;Gabriel;39
AT31;2008;1;40;Clemens;38
AT31;2008;1;41;Kilian;36
AT31;2008;1;41;Martin;36
AT31;2008;1;43;Benjamin;35
AT31;2008;1;44;Markus;33
AT31;2008;1;44;Tim;33
AT31;2008;1;46;Benedikt;32
AT31;2008;1;46;Timo;32
AT31;2008;1;48;Adrian;30
AT31;2008;1;48;Laurenz;30
AT31;2008;1;50;Leo;29
AT31;2008;1;50;Marco;29
AT31;2008;1;50;Yannick;29
AT31;2008;1;53;Jonathan;28
AT31;2008;1;53;Konstantin;28
AT31;2008;1;55;Kevin;27
AT31;2008;1;56;Christian;26
AT31;2008;1;57;Patrick;25
AT31;2008;1;58;Fabio;24
AT31;2008;1;59;Erik;23
AT31;2008;1;60;Josef;22
AT31;2008;2;1;Anna;169
AT31;2008;2;2;Leonie;163
AT31;2008;2;3;Sarah;157
AT31;2008;2;4;Hannah;156
AT31;2008;2;5;Lena;155
AT31;2008;2;6;Julia;133
AT31;2008;2;7;Sophie;118
AT31;2008;2;8;Katharina;95
AT31;2008;2;9;Jana;94
AT31;2008;2;10;Lisa;92
AT31;2008;2;11;Laura;91
AT31;2008;2;12;Magdalena;85
AT31;2008;2;13;Johanna;75
AT31;2008;2;14;Emma;73
AT31;2008;2;14;Lara;73
AT31;2008;2;16;Elena;72
AT31;2008;2;17;Viktoria;71
AT31;2008;2;18;Marie;69
AT31;2008;2;19;Marlene;66
AT31;2008;2;20;Sophia;63
AT31;2008;2;21;Amelie;61
AT31;2008;2;22;Theresa;60
AT31;2008;2;23;Clara;56
AT31;2008;2;24;Selina;55
AT31;2008;2;25;Eva;54
AT31;2008;2;26;Lea;53
AT31;2008;2;27;Valentina;50
AT31;2008;2;28;Emilia;46
AT31;2008;2;28;Nina;46
AT31;2008;2;30;Alina;45
AT31;2008;2;31;Emily;44
AT31;2008;2;32;Franziska;42
AT31;2008;2;32;Vanessa;42
AT31;2008;2;34;Anja;40
AT31;2008;2;34;Helena;40
AT31;2008;2;36;Emely;37
AT31;2008;2;36;Miriam;37
AT31;2008;2;36;Pia;37
AT31;2008;2;39;Anna-Lena;35
AT31;2008;2;39;Jasmin;35
AT31;2008;2;39;Paula;35
AT31;2008;2;42;Helene;34
AT31;2008;2;43;Christina;33
AT31;2008;2;43;Melanie;33
AT31;2008;2;45;Nora;32
AT31;2008;2;46;Carina;30
AT31;2008;2;46;Elisa;30
AT31;2008;2;48;Isabella;28
AT31;2008;2;49;Chiara;26
AT31;2008;2;49;Lina;26
AT31;2008;2;49;Luisa;26
AT31;2008;2;49;Michelle;26
AT31;2008;2;53;Angelina;25
AT31;2008;2;53;Elisabeth;25
AT31;2008;2;53;Katrin;25
AT31;2008;2;53;Valerie;25
AT31;2008;2;57;Annika;24
AT31;2008;2;58;Anika;23
AT31;2008;2;58;Stefanie;23
AT31;2008;2;60;Verena;22
AT31;2009;1;1;Lukas;206
AT31;2009;1;2;Jonas;176
AT31;2009;1;3;Tobias;174
AT31;2009;1;4;Simon;169
AT31;2009;1;5;Felix;152
AT31;2009;1;6;David;151
AT31;2009;1;7;Maximilian;137
AT31;2009;1;8;Fabian;132
AT31;2009;1;9;Alexander;131
AT31;2009;1;10;Julian;129
AT31;2009;1;11;Jakob;123
AT31;2009;1;12;Florian;120
AT31;2009;1;13;Elias;118
AT31;2009;1;13;Sebastian;118
AT31;2009;1;15;Paul;115
AT31;2009;1;16;Leon;102
AT31;2009;1;17;Michael;101
AT31;2009;1;18;Daniel;99
AT31;2009;1;19;Matthias;96
AT31;2009;1;19;Niklas;96
AT31;2009;1;21;Philipp;93
AT31;2009;1;22;Moritz;90
AT31;2009;1;23;Nico;89
AT31;2009;1;24;Luca;79
AT31;2009;1;25;Raphael;76
AT31;2009;1;26;Dominik;73
AT31;2009;1;27;Samuel;69
AT31;2009;1;28;Noah;63
AT31;2009;1;29;Johannes;59
AT31;2009;1;30;Marcel;55
AT31;2009;1;31;Lorenz;52
AT31;2009;1;32;Valentin;51
AT31;2009;1;33;Manuel;49
AT31;2009;1;34;Gabriel;46
AT31;2009;1;34;Thomas;46
AT31;2009;1;36;Benjamin;44
AT31;2009;1;37;Marco;41
AT31;2009;1;38;Andreas;39
AT31;2009;1;39;Stefan;38
AT31;2009;1;40;Tim;37
AT31;2009;1;41;Christoph;36
AT31;2009;1;41;Jan;36
AT31;2009;1;43;Emil;35
AT31;2009;1;43;Leo;35
AT31;2009;1;45;Clemens;34
AT31;2009;1;46;Kevin;33
AT31;2009;1;46;Kilian;33
AT31;2009;1;48;Markus;32
AT31;2009;1;49;Adrian;31
AT31;2009;1;49;Benedikt;31
AT31;2009;1;49;Martin;31
AT31;2009;1;52;Yannick;30
AT31;2009;1;53;Jonathan;27
AT31;2009;1;53;Laurenz;27
AT31;2009;1;55;Fabio;24
AT31;2009;1;55;Matteo;24
AT31;2009;1;57;Patrick;22
AT31;2009;1;57;Timo;22
AT31;2009;1;59;Leonhard;21
AT31;2009;1;59;Oliver;21
AT31;2009;2;1;Anna;183
AT31;2009;2;2;Sarah;179
AT31;2009;2;3;Leonie;155
AT31;2009;2;4;Hannah;146
AT31;2009;2;5;Lena;145
AT31;2009;2;6;Julia;126
AT31;2009;2;7;Sophie;125
AT31;2009;2;8;Marie;102
AT31;2009;2;9;Katharina;97
AT31;2009;2;10;Jana;96
AT31;2009;2;11;Lara;93
AT31;2009;2;12;Lea;91
AT31;2009;2;13;Laura;89
AT31;2009;2;14;Emma;83
AT31;2009;2;15;Sophia;79
AT31;2009;2;15;Viktoria;79
AT31;2009;2;17;Lisa;78
AT31;2009;2;18;Johanna;73
AT31;2009;2;19;Marlene;69
AT31;2009;2;20;Magdalena;66
AT31;2009;2;21;Elena;58
AT31;2009;2;22;Theresa;57
AT31;2009;2;23;Miriam;54
AT31;2009;2;23;Nina;54
AT31;2009;2;23;Valentina;54
AT31;2009;2;26;Clara;52
AT31;2009;2;26;Eva;52
AT31;2009;2;28;Anja;51
AT31;2009;2;29;Emily;50
AT31;2009;2;30;Emely;48
AT31;2009;2;31;Franziska;47
AT31;2009;2;32;Amelie;46
AT31;2009;2;33;Alina;45
AT31;2009;2;33;Helena;45
AT31;2009;2;35;Pia;44
AT31;2009;2;36;Vanessa;42
AT31;2009;2;37;Jasmin;41
AT31;2009;2;38;Elisa;38
AT31;2009;2;38;Mia;38
AT31;2009;2;40;Emilia;35
AT31;2009;2;41;Annika;34
AT31;2009;2;41;Larissa;34
AT31;2009;2;43;Christina;32
AT31;2009;2;43;Selina;32
AT31;2009;2;45;Lilly;31
AT31;2009;2;46;Melanie;30
AT31;2009;2;47;Antonia;29
AT31;2009;2;47;Isabella;29
AT31;2009;2;49;Carolina;28
AT31;2009;2;49;Paula;28
AT31;2009;2;51;Michelle;27
AT31;2009;2;52;Helene;26
AT31;2009;2;52;Valerie;26
AT31;2009;2;54;Anna-Lena;25
AT31;2009;2;55;Chiara;24
AT31;2009;2;55;Nadine;24
AT31;2009;2;55;Ronja;24
AT31;2009;2;58;Nora;23
AT31;2009;2;59;Natalie;22
AT31;2009;2;59;Olivia;22
AT31;2010;1;1;Lukas;227
AT31;2010;1;2;Tobias;190
AT31;2010;1;3;Jonas;183
AT31;2010;1;4;Alexander;172
AT31;2010;1;5;David;170
AT31;2010;1;6;Simon;167
AT31;2010;1;7;Maximilian;162
AT31;2010;1;8;Florian;149
AT31;2010;1;9;Jakob;143
AT31;2010;1;10;Paul;136
AT31;2010;1;11;Fabian;126
AT31;2010;1;12;Felix;122
AT31;2010;1;13;Elias;121
AT31;2010;1;14;Sebastian;115
AT31;2010;1;15;Leon;112
AT31;2010;1;16;Niklas;111
AT31;2010;1;17;Moritz;103
AT31;2010;1;18;Julian;102
AT31;2010;1;19;Raphael;94
AT31;2010;1;20;Daniel;91
AT31;2010;1;21;Nico;90
AT31;2010;1;22;Matthias;88
AT31;2010;1;23;Michael;87
AT31;2010;1;24;Philipp;83
AT31;2010;1;25;Samuel;79
AT31;2010;1;26;Luca;71
AT31;2010;1;27;Johannes;61
AT31;2010;1;28;Dominik;57
AT31;2010;1;28;Lorenz;57
AT31;2010;1;30;Gabriel;52
AT31;2010;1;30;Noah;52
AT31;2010;1;30;Valentin;52
AT31;2010;1;33;Marcel;50
AT31;2010;1;34;Manuel;49
AT31;2010;1;35;Benjamin;46
AT31;2010;1;36;Jan;44
AT31;2010;1;37;Jonathan;39
AT31;2010;1;38;Kilian;38
AT31;2010;1;38;Stefan;38
AT31;2010;1;38;Thomas;38
AT31;2010;1;41;Martin;36
AT31;2010;1;42;Andreas;35
AT31;2010;1;42;Leo;35
AT31;2010;1;44;Clemens;34
AT31;2010;1;45;Christian;33
AT31;2010;1;45;Yannick;33
AT31;2010;1;47;Tim;32
AT31;2010;1;48;Konstantin;30
AT31;2010;1;48;Markus;30
AT31;2010;1;50;Fabio;28
AT31;2010;1;50;Laurenz;28
AT31;2010;1;52;Leonhard;27
AT31;2010;1;53;Adrian;26
AT31;2010;1;53;Timo;26
AT31;2010;1;55;Christoph;25
AT31;2010;1;55;Max;25
AT31;2010;1;55;Xaver;25
AT31;2010;1;58;Emil;24
AT31;2010;1;59;Ben;23
AT31;2010;1;60;Gregor;21
AT31;2010;2;1;Lena;181
AT31;2010;2;2;Anna;173
AT31;2010;2;3;Sarah;146
AT31;2010;2;4;Hannah;137
AT31;2010;2;5;Julia;118
AT31;2010;2;6;Sophie;113
AT31;2010;2;7;Lea;112
AT31;2010;2;8;Marie;111
AT31;2010;2;9;Laura;109
AT31;2010;2;9;Leonie;109
AT31;2010;2;11;Jana;103
AT31;2010;2;11;Lisa;103
AT31;2010;2;13;Emma;91
AT31;2010;2;14;Lara;88
AT31;2010;2;15;Johanna;86
AT31;2010;2;16;Mia;75
AT31;2010;2;16;Viktoria;75
AT31;2010;2;18;Katharina;74
AT31;2010;2;18;Marlene;74
AT31;2010;2;20;Magdalena;72
AT31;2010;2;21;Sophia;64
AT31;2010;2;21;Valentina;64
AT31;2010;2;23;Luisa;58
AT31;2010;2;24;Emily;56
AT31;2010;2;25;Theresa;54
AT31;2010;2;26;Alina;53
AT31;2010;2;26;Amelie;53
AT31;2010;2;28;Franziska;52
AT31;2010;2;29;Clara;50
AT31;2010;2;30;Nina;49
AT31;2010;2;31;Pia;47
AT31;2010;2;31;Selina;47
AT31;2010;2;33;Miriam;46
AT31;2010;2;34;Vanessa;44
AT31;2010;2;35;Elena;43
AT31;2010;2;35;Eva;43
AT31;2010;2;37;Nora;42
AT31;2010;2;38;Emilia;41
AT31;2010;2;39;Emely;40
AT31;2010;2;40;Isabella;39
AT31;2010;2;40;Lilly;39
AT31;2010;2;42;Helena;38
AT31;2010;2;43;Anja;35
AT31;2010;2;43;Annika;35
AT31;2010;2;43;Jasmin;35
AT31;2010;2;46;Lina;33
AT31;2010;2;47;Helene;32
AT31;2010;2;48;Christina;31
AT31;2010;2;49;Carina;30
AT31;2010;2;49;Larissa;30
AT31;2010;2;51;Maja;29
AT31;2010;2;52;Antonia;27
AT31;2010;2;53;Paula;26
AT31;2010;2;54;Ella;25
AT31;2010;2;54;Isabel;25
AT31;2010;2;54;Melanie;25
AT31;2010;2;57;Elisa;24
AT31;2010;2;57;Maria;24
AT31;2010;2;59;Anna-Lena;23
AT31;2010;2;60;Ronja;21
AT31;2011;1;1;Jonas;175
AT31;2011;1;2;Alexander;168
AT31;2011;1;3;Jakob;167
AT31;2011;1;4;Lukas;162
AT31;2011;1;5;David;151
AT31;2011;1;5;Tobias;151
AT31;2011;1;7;Fabian;150
AT31;2011;1;8;Paul;148
AT31;2011;1;9;Maximilian;143
AT31;2011;1;10;Felix;140
AT31;2011;1;11;Elias;139
AT31;2011;1;12;Simon;138
AT31;2011;1;13;Sebastian;133
AT31;2011;1;14;Florian;131
AT31;2011;1;15;Julian;125
AT31;2011;1;16;Leon;109
AT31;2011;1;17;Moritz;106
AT31;2011;1;17;Raphael;106
AT31;2011;1;19;Michael;99
AT31;2011;1;19;Niklas;99
AT31;2011;1;21;Samuel;89
AT31;2011;1;22;Philipp;88
AT31;2011;1;23;Matthias;84
AT31;2011;1;24;Nico;80
AT31;2011;1;25;Luca;79
AT31;2011;1;26;Dominik;72
AT31;2011;1;27;Noah;69
AT31;2011;1;28;Daniel;68
AT31;2011;1;29;Lorenz;52
AT31;2011;1;29;Valentin;52
AT31;2011;1;31;Johannes;50
AT31;2011;1;32;Gabriel;47
AT31;2011;1;33;Leo;46
AT31;2011;1;34;Stefan;44
AT31;2011;1;35;Jan;39
AT31;2011;1;36;Laurenz;38
AT31;2011;1;37;Andreas;37
AT31;2011;1;38;Benjamin;36
AT31;2011;1;38;Thomas;36
AT31;2011;1;40;Clemens;35
AT31;2011;1;41;Marcel;34
AT31;2011;1;42;Ben;33
AT31;2011;1;42;Manuel;33
AT31;2011;1;44;Jonathan;32
AT31;2011;1;45;Adrian;31
AT31;2011;1;45;Christoph;31
AT31;2011;1;45;Tim;31
AT31;2011;1;45;Timo;31
AT31;2011;1;49;Marco;30
AT31;2011;1;50;Kilian;29
AT31;2011;1;50;Oliver;29
AT31;2011;1;52;Christian;28
AT31;2011;1;52;Emil;28
AT31;2011;1;52;Fabio;28
AT31;2011;1;55;Markus;26
AT31;2011;1;55;Matteo;26
AT31;2011;1;57;Konstantin;25
AT31;2011;1;57;Leonhard;25
AT31;2011;1;57;Xaver;25
AT31;2011;1;60;Anton;23
AT31;2011;2;1;Anna;179
AT31;2011;2;2;Sarah;168
AT31;2011;2;3;Leonie;132
AT31;2011;2;4;Hannah;131
AT31;2011;2;4;Lena;131
AT31;2011;2;6;Julia;130
AT31;2011;2;7;Marie;112
AT31;2011;2;8;Sophie;108
AT31;2011;2;9;Johanna;105
AT31;2011;2;10;Emma;103
AT31;2011;2;11;Jana;101
AT31;2011;2;12;Laura;92
AT31;2011;2;13;Lara;91
AT31;2011;2;14;Lea;89
AT31;2011;2;15;Lisa;81
AT31;2011;2;16;Katharina;80
AT31;2011;2;16;Magdalena;80
AT31;2011;2;18;Valentina;78
AT31;2011;2;19;Clara;71
AT31;2011;2;20;Amelie;70
AT31;2011;2;21;Mia;67
AT31;2011;2;22;Emilia;63
AT31;2011;2;22;Marlene;63
AT31;2011;2;24;Elena;62
AT31;2011;2;25;Alina;57
AT31;2011;2;25;Sophia;57
AT31;2011;2;27;Helena;55
AT31;2011;2;28;Nina;51
AT31;2011;2;29;Miriam;48
AT31;2011;2;30;Franziska;47
AT31;2011;2;30;Viktoria;47
AT31;2011;2;32;Emily;46
AT31;2011;2;33;Pia;45
AT31;2011;2;33;Theresa;45
AT31;2011;2;35;Anja;43
AT31;2011;2;35;Luisa;43
AT31;2011;2;37;Isabella;41
AT31;2011;2;38;Eva;40
AT31;2011;2;39;Maria;39
AT31;2011;2;40;Vanessa;38
AT31;2011;2;41;Lina;32
AT31;2011;2;42;Elisa;31
AT31;2011;2;42;Selina;31
AT31;2011;2;44;Anika;30
AT31;2011;2;44;Annika;30
AT31;2011;2;44;Jasmin;30
AT31;2011;2;47;Emely;29
AT31;2011;2;48;Valerie;28
AT31;2011;2;49;Lilly;27
AT31;2011;2;49;Paula;27
AT31;2011;2;51;Elisabeth;25
AT31;2011;2;52;Nora;23
AT31;2011;2;53;Antonia;22
AT31;2011;2;53;Larissa;22
AT31;2011;2;53;Luise;22
AT31;2011;2;56;Anna-Lena;21
AT31;2011;2;56;Christina;21
AT31;2011;2;56;Ella;21
AT31;2011;2;59;Marlies;20
AT31;2011;2;60;Helene;19
AT31;2012;1;1;Lukas;186
AT31;2012;1;2;Tobias;181
AT31;2012;1;3;David;173
AT31;2012;1;4;Simon;160
AT31;2012;1;5;Paul;152
AT31;2012;1;6;Jonas;149
AT31;2012;1;6;Maximilian;149
AT31;2012;1;8;Alexander;147
AT31;2012;1;9;Felix;132
AT31;2012;1;10;Jakob;130
AT31;2012;1;11;Leon;128
AT31;2012;1;12;Elias;126
AT31;2012;1;13;Florian;123
AT31;2012;1;14;Julian;121
AT31;2012;1;15;Fabian;120
AT31;2012;1;16;Raphael;117
AT31;2012;1;17;Sebastian;115
AT31;2012;1;18;Moritz;113
AT31;2012;1;19;Luca;105
AT31;2012;1;20;Matthias;82
AT31;2012;1;20;Michael;82
AT31;2012;1;22;Philipp;76
AT31;2012;1;23;Niklas;74
AT31;2012;1;24;Noah;72
AT31;2012;1;25;Dominik;68
AT31;2012;1;26;Daniel;67
AT31;2012;1;27;Samuel;66
AT31;2012;1;28;Nico;64
AT31;2012;1;29;Valentin;55
AT31;2012;1;30;Johannes;54
AT31;2012;1;31;Benjamin;52
AT31;2012;1;32;Jan;51
AT31;2012;1;33;Gabriel;50
AT31;2012;1;34;Leo;49
AT31;2012;1;35;Lorenz;48
AT31;2012;1;35;Marcel;48
AT31;2012;1;37;Emil;43
AT31;2012;1;38;Tim;41
AT31;2012;1;39;Marco;38
AT31;2012;1;40;Manuel;37
AT31;2012;1;41;Ben;36
AT31;2012;1;42;Thomas;35
AT31;2012;1;43;Stefan;34
AT31;2012;1;44;Jonathan;33
AT31;2012;1;44;Timo;33
AT31;2012;1;46;Christoph;31
AT31;2012;1;47;Clemens;31
AT31;2012;1;48;Laurenz;30
AT31;2012;1;49;Anton;29
AT31;2012;1;49;Kilian;29
AT31;2012;1;51;Konstantin;28
AT31;2012;1;52;Xaver;28
AT31;2012;1;52;Yannick;28
AT31;2012;1;54;Martin;27
AT31;2012;1;54;Matteo;27
AT31;2012;1;56;Andreas;26
AT31;2012;1;56;Fabio;26
AT31;2012;1;58;Leonhard;25
AT31;2012;1;58;Max;25
AT31;2012;1;60;Bastian;24
AT31;2012;2;1;Hannah;156
AT31;2012;2;2;Anna;155
AT31;2012;2;3;Sarah;146
AT31;2012;2;4;Lena;128
AT31;2012;2;5;Sophie;119
AT31;2012;2;6;Julia;112
AT31;2012;2;7;Leonie;104
AT31;2012;2;7;Marie;104
AT31;2012;2;9;Lea;103
AT31;2012;2;10;Emma;97
AT31;2012;2;11;Mia;96
AT31;2012;2;12;Johanna;94
AT31;2012;2;13;Valentina;91
AT31;2012;2;14;Laura;88
AT31;2012;2;14;Sophia;88
AT31;2012;2;16;Katharina;85
AT31;2012;2;17;Luisa;84
AT31;2012;2;18;Lara;83
AT31;2012;2;19;Jana;79
AT31;2012;2;20;Lisa;76
AT31;2012;2;21;Magdalena;74
AT31;2012;2;22;Clara;69
AT31;2012;2;23;Emilia;68
AT31;2012;2;23;Theresa;68
AT31;2012;2;25;Marlene;66
AT31;2012;2;26;Amelie;64
AT31;2012;2;26;Viktoria;64
AT31;2012;2;28;Elena;61
AT31;2012;2;29;Nina;57
AT31;2012;2;30;Miriam;55
AT31;2012;2;31;Isabella;54
AT31;2012;2;32;Eva;50
AT31;2012;2;33;Franziska;47
AT31;2012;2;34;Alina;46
AT31;2012;2;35;Helena;45
AT31;2012;2;36;Selina;43
AT31;2012;2;37;Annika;37
AT31;2012;2;37;Vanessa;37
AT31;2012;2;39;Emily;36
AT31;2012;2;39;Lilly;36
AT31;2012;2;41;Nora;35
AT31;2012;2;42;Paula;34
AT31;2012;2;43;Elisa;33
AT31;2012;2;43;Jasmin;33
AT31;2012;2;45;Lina;32
AT31;2012;2;46;Anja;31
AT31;2012;2;46;Emely;31
AT31;2012;2;48;Pia;30
AT31;2012;2;49;Elisabeth;29
AT31;2012;2;50;Anika;28
AT31;2012;2;50;Helene;28
AT31;2012;2;50;Stefanie;28
AT31;2012;2;53;Maria;27
AT31;2012;2;54;Antonia;24
AT31;2012;2;54;Carolina;24
AT31;2012;2;56;Elina;22
AT31;2012;2;56;Ella;22
AT31;2012;2;58;Alexandra;20
AT31;2012;2;58;Anna-Lena;20
AT31;2012;2;58;Maja;20
AT31;2013;1;1;Felix;185
AT31;2013;1;2;Lukas;172
AT31;2013;1;3;Tobias;171
AT31;2013;1;4;Simon;149
AT31;2013;1;5;Paul;147
AT31;2013;1;6;Jonas;143
AT31;2013;1;7;Jakob;142
AT31;2013;1;8;David;141
AT31;2013;1;9;Elias;137
AT31;2013;1;10;Alexander;136
AT31;2013;1;11;Maximilian;120
AT31;2013;1;12;Leon;116
AT31;2013;1;13;Moritz;112
AT31;2013;1;14;Fabian;111
AT31;2013;1;15;Raphael;110
AT31;2013;1;16;Sebastian;107
AT31;2013;1;17;Florian;103
AT31;2013;1;18;Luca;101
AT31;2013;1;19;Julian;94
AT31;2013;1;20;Michael;87
AT31;2013;1;21;Niklas;82
AT31;2013;1;22;Matthias;76
AT31;2013;1;23;Philipp;70
AT31;2013;1;24;Daniel;67
AT31;2013;1;25;Leo;63
AT31;2013;1;26;Noah;61
AT31;2013;1;27;Valentin;60
AT31;2013;1;28;Nico;57
AT31;2013;1;29;Dominik;52
AT31;2013;1;30;Jan;48
AT31;2013;1;31;Johannes;47
AT31;2013;1;31;Samuel;47
AT31;2013;1;33;Ben;43
AT31;2013;1;33;Gabriel;43
AT31;2013;1;33;Konstantin;43
AT31;2013;1;33;Marcel;43
AT31;2013;1;33;Thomas;43
AT31;2013;1;38;Benjamin;42
AT31;2013;1;39;Manuel;41
AT31;2013;1;40;Lorenz;40
AT31;2013;1;41;Matteo;39
AT31;2013;1;42;Emil;38
AT31;2013;1;43;Adrian;36
AT31;2013;1;43;Stefan;36
AT31;2013;1;45;Erik;35
AT31;2013;1;45;Luis;35
AT31;2013;1;47;Jonathan;34
AT31;2013;1;47;Laurenz;34
AT31;2013;1;49;Andreas;33
AT31;2013;1;49;Tim;33
AT31;2013;1;49;Timo;33
AT31;2013;1;52;Anton;31
AT31;2013;1;53;Clemens;30
AT31;2013;1;53;Kilian;30
AT31;2013;1;55;Leonhard;29
AT31;2013;1;56;Martin;28
AT31;2013;1;57;Yannick;27
AT31;2013;1;58;Oliver;25
AT31;2013;1;58;Theodor;25
AT31;2013;1;60;Benedikt;24
AT31;2013;2;1;Anna;162
AT31;2013;2;2;Hannah;149
AT31;2013;2;3;Lena;133
AT31;2013;2;4;Sophie;132
AT31;2013;2;5;Emma;129
AT31;2013;2;6;Laura;128
AT31;2013;2;7;Sarah;119
AT31;2013;2;8;Marie;112
AT31;2013;2;8;Sophia;112
AT31;2013;2;10;Lea;95
AT31;2013;2;11;Leonie;94
AT31;2013;2;12;Julia;91
AT31;2013;2;12;Luisa;91
AT31;2013;2;14;Emilia;88
AT31;2013;2;15;Jana;87
AT31;2013;2;16;Johanna;86
AT31;2013;2;17;Lara;85
AT31;2013;2;18;Valentina;84
AT31;2013;2;19;Mia;83
AT31;2013;2;20;Lisa;82
AT31;2013;2;21;Katharina;81
AT31;2013;2;22;Magdalena;74
AT31;2013;2;23;Amelie;68
AT31;2013;2;23;Clara;68
AT31;2013;2;25;Marlene;64
AT31;2013;2;26;Isabella;63
AT31;2013;2;27;Alina;61
AT31;2013;2;28;Theresa;60
AT31;2013;2;29;Elena;59
AT31;2013;2;30;Miriam;54
AT31;2013;2;30;Viktoria;54
AT31;2013;2;32;Franziska;50
AT31;2013;2;33;Pia;45
AT31;2013;2;34;Nina;44
AT31;2013;2;35;Emely;42
AT31;2013;2;36;Emily;40
AT31;2013;2;36;Valerie;40
AT31;2013;2;38;Lina;39
AT31;2013;2;39;Elisa;38
AT31;2013;2;39;Helena;38
AT31;2013;2;39;Nora;38
AT31;2013;2;42;Annika;37
AT31;2013;2;43;Eva;36
AT31;2013;2;43;Isabel;36
AT31;2013;2;45;Christina;30
AT31;2013;2;46;Anja;29
AT31;2013;2;46;Carolina;29
AT31;2013;2;46;Jasmin;29
AT31;2013;2;46;Lilly;29
AT31;2013;2;46;Paula;29
AT31;2013;2;51;Helene;26
AT31;2013;2;52;Olivia;25
AT31;2013;2;52;Selina;25
AT31;2013;2;54;Larissa;24
AT31;2013;2;55;Elisabeth;23
AT31;2013;2;55;Ella;23
AT31;2013;2;57;Antonia;22
AT31;2013;2;57;Vanessa;22
AT31;2013;2;59;Maria;21
AT31;2013;2;59;Paulina;21
